{
    "name": "root",
    "gauges": {
        "Hikaru.Policy.Entropy.mean": {
            "value": 0.7639346122741699,
            "min": -1.1920927533992653e-07,
            "max": 6.420828819274902,
            "count": 12
        },
        "Hikaru.Policy.ExtrinsicValueEstimate.mean": {
            "value": 0.5786389708518982,
            "min": 0.5786389708518982,
            "max": 0.9076880216598511,
            "count": 12
        },
        "Hikaru.Environment.EpisodeLength.mean": {
            "value": 110.8,
            "min": 110.8,
            "max": 692.0,
            "count": 12
        },
        "Hikaru.Self-play.ELO.mean": {
            "value": 1200.8406729921728,
            "min": 1200.5,
            "max": 1207.0589927482245,
            "count": 12
        },
        "Hikaru.Environment.CumulativeReward.mean": {
            "value": -2.499999977648258,
            "min": -2.499999977648258,
            "max": 0.9245000993832946,
            "count": 12
        },
        "Hikaru.Policy.ExtrinsicReward.mean": {
            "value": -2.499999977648258,
            "min": -2.499999977648258,
            "max": 0.9245000993832946,
            "count": 12
        },
        "Hikaru.IsTraining.mean": {
            "value": 1.0,
            "min": 1.0,
            "max": 1.0,
            "count": 12
        },
        "Hikaru.Losses.PolicyLoss.mean": {
            "value": 0.45557872133795174,
            "min": 0.12414580365330039,
            "max": 0.45557872133795174,
            "count": 2
        },
        "Hikaru.Losses.ValueLoss.mean": {
            "value": 0.01031080339635082,
            "min": 0.01031080339635082,
            "max": 0.018523418320728523,
            "count": 2
        },
        "Hikaru.Policy.LearningRate.mean": {
            "value": 0.00099774970022503,
            "min": 0.00099774970022503,
            "max": 0.0009981601001839903,
            "count": 2
        },
        "Hikaru.Policy.Epsilon.mean": {
            "value": 0.19977497,
            "min": 0.19977497,
            "max": 0.19981601,
            "count": 2
        },
        "Hikaru.Policy.Beta.mean": {
            "value": 0.004988771003,
            "min": 0.004988771003,
            "max": 0.0049908188990000005,
            "count": 2
        }
    },
    "metadata": {
        "timer_format_version": "0.1.0",
        "start_time_seconds": "1609471409",
        "python_version": "3.8.0 (default, Nov  6 2019, 16:00:02) [MSC v.1916 64 bit (AMD64)]",
        "command_line_arguments": "D:\\Conda\\envs\\unity_envIAJ\\Scripts\\mlagents-learn --resume UltimateChess.yaml --run-id=HikaruHasAFather",
        "mlagents_version": "0.23.0",
        "mlagents_envs_version": "0.23.0",
        "communication_protocol_version": "1.3.0",
        "pytorch_version": "1.6.0",
        "numpy_version": "1.18.5",
        "end_time_seconds": "1609473362"
    },
    "total": 1953.4082039,
    "count": 1,
    "self": 0.0232215000000906,
    "children": {
        "run_training.setup": {
            "total": 0.03555839999999999,
            "count": 1,
            "self": 0.03555839999999999
        },
        "TrainerController.start_learning": {
            "total": 1953.349424,
            "count": 1,
            "self": 1.2813050999970983,
            "children": {
                "TrainerController._reset_env": {
                    "total": 10.01977339999995,
                    "count": 3,
                    "self": 10.01977339999995
                },
                "TrainerController.advance": {
                    "total": 1941.3365906000029,
                    "count": 21196,
                    "self": 0.6204187000130332,
                    "children": {
                        "env_step": {
                            "total": 1940.7161718999898,
                            "count": 21196,
                            "self": 1653.9121606999981,
                            "children": {
                                "SubprocessEnvManager._take_step": {
                                    "total": 285.9945580000034,
                                    "count": 21196,
                                    "self": 3.5546917000162352,
                                    "children": {
                                        "TorchPolicy.evaluate": {
                                            "total": 282.43986629998716,
                                            "count": 21153,
                                            "self": 19.10261849999239,
                                            "children": {
                                                "TorchPolicy.sample_actions": {
                                                    "total": 263.33724779999477,
                                                    "count": 21153,
                                                    "self": 263.33724779999477
                                                }
                                            }
                                        }
                                    }
                                },
                                "workers": {
                                    "total": 0.8094531999883117,
                                    "count": 21195,
                                    "self": 0.0,
                                    "children": {
                                        "worker_root": {
                                            "total": 1941.5369114999894,
                                            "count": 21195,
                                            "is_parallel": true,
                                            "self": 776.0813692999957,
                                            "children": {
                                                "steps_from_proto": {
                                                    "total": 0.004032800000008052,
                                                    "count": 4,
                                                    "is_parallel": true,
                                                    "self": 0.000827499999875414,
                                                    "children": {
                                                        "_process_vector_observation": {
                                                            "total": 0.003205300000132638,
                                                            "count": 8,
                                                            "is_parallel": true,
                                                            "self": 0.003205300000132638
                                                        }
                                                    }
                                                },
                                                "UnityEnvironment.step": {
                                                    "total": 1165.4515093999937,
                                                    "count": 21195,
                                                    "is_parallel": true,
                                                    "self": 5.985032899962334,
                                                    "children": {
                                                        "UnityEnvironment._generate_step_input": {
                                                            "total": 7.9172332000048975,
                                                            "count": 21195,
                                                            "is_parallel": true,
                                                            "self": 7.9172332000048975
                                                        },
                                                        "communicator.exchange": {
                                                            "total": 1117.3991999000107,
                                                            "count": 21195,