{
    "name": "root",
    "gauges": {
        "Hikaru.Policy.Entropy.mean": {
            "value": 6.495146751403809,
            "min": 6.495146751403809,
            "max": 6.495146751403809,
            "count": 1
        },
        "Hikaru.Policy.ExtrinsicValueEstimate.mean": {
            "value": 0.25927531719207764,
            "min": 0.25927531719207764,
            "max": 0.25927531719207764,
            "count": 1
        },
        "Hikaru.Environment.EpisodeLength.mean": {
            "value": 275.5,
            "min": 275.5,
            "max": 275.5,
            "count": 1
        },
        "Hikaru.Self-play.ELO.mean": {
            "value": 1200.5,
            "min": 1200.5,
            "max": 1200.5,
            "count": 1
        },
        "Hikaru.Environment.CumulativeReward.mean": {
            "value": 17815.984008789062,
            "min": 17815.984008789062,
            "max": 17815.984008789062,
            "count": 1
        },
        "Hikaru.Policy.ExtrinsicReward.mean": {
            "value": 17815.984008789062,
            "min": 17815.984008789062,
            "max": 17815.984008789062,
            "count": 1
        },
        "Hikaru.Losses.PolicyLoss.mean": {
            "value": 0.19137587095610797,
            "min": 0.19137587095610797,
            "max": 0.19137587095610797,
            "count": 1
        },
        "Hikaru.Losses.ValueLoss.mean": {
            "value": 770060.9388950893,
            "min": 770060.9388950893,
            "max": 770060.9388950893,
            "count": 1
        },
        "Hikaru.Policy.LearningRate.mean": {
            "value": 0.0003,
            "min": 0.0003,
            "max": 0.0003,
            "count": 1
        },
        "Hikaru.Policy.Epsilon.mean": {
            "value": 0.29999999999999993,
            "min": 0.29999999999999993,
            "max": 0.29999999999999993,
            "count": 1
        },
        "Hikaru.Policy.Beta.mean": {
            "value": 0.004999999999999999,
            "min": 0.004999999999999999,
            "max": 0.004999999999999999,
            "count": 1
        },
        "Hikaru.IsTraining.mean": {
            "value": 1.0,
            "min": 1.0,
            "max": 1.0,
            "count": 1
        }
    },
    "metadata": {
        "timer_format_version": "0.1.0",
        "start_time_seconds": "1609385858",
        "python_version": "3.8.0 (default, Nov  6 2019, 16:00:02) [MSC v.1916 64 bit (AMD64)]",
        "command_line_arguments": "D:\\Conda\\envs\\unity_envIAJ\\Scripts\\mlagents-learn --force UltimateChess.yaml --run-id=Experimental",
        "mlagents_version": "0.23.0",
        "mlagents_envs_version": "0.23.0",
        "communication_protocol_version": "1.3.0",
        "pytorch_version": "1.6.0",
        "numpy_version": "1.18.5",
        "end_time_seconds": "1609385913"
    },
    "total": 55.1388814,
    "count": 1,
    "self": 0.015374800000003574,
    "children": {
        "run_training.setup": {
            "total": 0.02536970000000016,
            "count": 1,
            "self": 0.02536970000000016
        },
        "TrainerController.start_learning": {
            "total": 55.0981369,
            "count": 1,
            "self": 1.0925659000000039,
            "children": {
                "TrainerController._reset_env": {
                    "total": 4.531964,
                    "count": 1,
                    "self": 4.531964
                },
                "TrainerController.advance": {
                    "total": 49.30473799999999,
                    "count": 1885,
                    "self": 0.04256620000018785,
                    "children": {
                        "env_step": {
                            "total": 49.262171799999805,
                            "count": 1885,
                            "self": 43.47174049999983,
                            "children": {
                                "SubprocessEnvManager._take_step": {
                                    "total": 5.741550999999967,
                                    "count": 1885,
                                    "self": 0.2097244999999628,
                                    "children": {
                                        "TorchPolicy.evaluate": {
                                            "total": 5.531826500000005,
                                            "count": 1884,
                                            "self": 1.3346605000002327,
                                            "children": {
                                                "TorchPolicy.sample_actions": {
                                                    "total": 4.197165999999772,
                                                    "count": 1884,
                                                    "self": 4.197165999999772
                                                }
                                            }
                                        }
                                    }
                                },
                                "workers": {
                                    "total": 0.04888030000000576,
                                    "count": 1884,
                                    "self": 0.0,
                                    "children": {
                                        "worker_root": {
                                            "total": 49.283367200000086,
                                            "count": 1884,
                                            "is_parallel": true,
                                            "self": 9.8428745,
                                            "children": {
                                                "steps_from_proto": {
                                                    "total": 0.00048030000000043316,
                                                    "count": 1,
                                                    "is_parallel": true,
                                                    "self": 0.00023170000000050095,
                                                    "children": {
                                                        "_process_vector_observation": {
                                                            "total": 0.0002485999999999322,
                                                            "count": 2,
                                                            "is_parallel": true,
                                                            "self": 0.0002485999999999322
                                                        }
                                                    }
                                                },
                                                "UnityEnvironment.step": {
                                                    "total": 39.440012400000086,
                                                    "count": 1884,
                                                    "is_parallel": true,
                                                    "self": 0.37540390000016544,
                                                    "children": {
                                                        "UnityEnvironment._generate_step_input": {
                                                            "total": 0.5584634000000586,
                                                            "count": 1884,
                                                            "is_parallel": true,
                                                            "self": 0.5584634000000586
                                                        },
                                                        "communicator.exchange": {
                                                            "total": 37.3699793999999,
                                                            "count": 1884,
                                                            "is_parallel": true,