{
    "name": "root",
    "gauges": {
        "Hikaru.Policy.Entropy.mean": {
            "value": 5.678889751434326,
            "min": 5.678889751434326,
            "max": 6.497683048248291,
            "count": 7
        },
        "Hikaru.Policy.ExtrinsicValueEstimate.mean": {
            "value": 6.154257774353027,
            "min": -4.831252574920654,
            "max": 6.154257774353027,
            "count": 7
        },
        "Hikaru.Environment.EpisodeLength.mean": {
            "value": 2877.5,
            "min": 104.0,
            "max": 2877.5,
            "count": 3
        },
        "Hikaru.Self-play.ELO.mean": {
            "value": 1200.247841332436,
            "min": 1200.247841332436,
            "max": 1200.2492804441454,
            "count": 2
        },
        "Hikaru.Environment.CumulativeReward.mean": {
            "value": -16156.550773620605,
            "min": -16156.550773620605,
            "max": 4829.950012207031,
            "count": 2
        },
        "Hikaru.Policy.ExtrinsicReward.mean": {
            "value": -16156.550773620605,
            "min": -16156.550773620605,
            "max": 4829.950012207031,
            "count": 2
        },
        "Hikaru.Losses.PolicyLoss.mean": {
            "value": 0.1693154719791242,
            "min": 0.1693154719791242,
            "max": 0.21274716362842366,
            "count": 7
        },
        "Hikaru.Losses.ValueLoss.mean": {
            "value": 6286145.814732143,
            "min": 306035.4017026244,
            "max": 6286145.814732143,
            "count": 7
        },
        "Hikaru.Policy.LearningRate.mean": {
            "value": 0.0003,
            "min": 0.0003,
            "max": 0.0003000000000000001,
            "count": 7
        },
        "Hikaru.Policy.Epsilon.mean": {
            "value": 0.29999999999999993,
            "min": 0.29999999999999977,
            "max": 0.29999999999999993,
            "count": 7
        },
        "Hikaru.Policy.Beta.mean": {
            "value": 0.004999999999999999,
            "min": 0.004999999999999999,
            "max": 0.005,
            "count": 7
        },
        "Hikaru.IsTraining.mean": {
            "value": 1.0,
            "min": 1.0,
            "max": 1.0,
            "count": 7
        }
    },
    "metadata": {
        "timer_format_version": "0.1.0",
        "start_time_seconds": "1609309540",
        "python_version": "3.8.0 (default, Nov  6 2019, 16:00:02) [MSC v.1916 64 bit (AMD64)]",
        "command_line_arguments": "D:\\Conda\\envs\\unity_envIAJ\\Scripts\\mlagents-learn --force UltimateChess.yaml --run-id=Hikaru_isBorn",
        "mlagents_version": "0.23.0",
        "mlagents_envs_version": "0.23.0",
        "communication_protocol_version": "1.3.0",
        "pytorch_version": "1.6.0",
        "numpy_version": "1.18.5",
        "end_time_seconds": "1609309945"
    },
    "total": 404.7271139,
    "count": 1,
    "self": 0.010103000000015072,
    "children": {
        "run_training.setup": {
            "total": 0.024659600000000115,
            "count": 1,
            "self": 0.024659600000000115
        },
        "TrainerController.start_learning": {
            "total": 404.6923513,
            "count": 1,
            "self": 0.7219222999987096,
            "children": {
                "TrainerController._reset_env": {
                    "total": 5.484864399999999,
                    "count": 1,
                    "self": 5.484864399999999
                },
                "TrainerController.advance": {
                    "total": 398.3399034000013,
                    "count": 15122,
                    "self": 0.3418690000008269,
                    "children": {
                        "env_step": {
                            "total": 397.99803440000045,
                            "count": 15122,
                            "self": 352.02485180000184,
                            "children": {
                                "SubprocessEnvManager._take_step": {
                                    "total": 45.5712505000006,
                                    "count": 15122,
                                    "self": 1.6164557999971407,
                                    "children": {
                                        "TorchPolicy.evaluate": {
                                            "total": 43.95479470000346,
                                            "count": 15116,
                                            "self": 10.381693700006089,
                                            "children": {
                                                "TorchPolicy.sample_actions": {
                                                    "total": 33.57310099999737,
                                                    "count": 15116,
                                                    "self": 33.57310099999737
                                                }
                                            }
                                        }
                                    }
                                },
                                "workers": {
                                    "total": 0.40193209999799784,
                                    "count": 15121,
                                    "self": 0.0,
                                    "children": {
                                        "worker_root": {
                                            "total": 398.2173803000002,
                                            "count": 15121,
                                            "is_parallel": true,
                                            "self": 78.3635679000011,
                                            "children": {
                                                "steps_from_proto": {
                                                    "total": 0.0004806000000003863,
                                                    "count": 1,
                                                    "is_parallel": true,
                                                    "self": 0.0002169000000007415,
                                                    "children": {
                                                        "_process_vector_observation": {
                                                            "total": 0.0002636999999996448,
                                                            "count": 2,
                                                            "is_parallel": true,
                                                            "self": 0.0002636999999996448
                                                        }
                                                    }
                                                },
                                                "UnityEnvironment.step": {
                                                    "total": 319.85333179999907,
                                                    "count": 15121,
                                                    "is_parallel": true,
                                                    "self": 2.8279850000035935,
                                                    "children": {
                                                        "UnityEnvironment._generate_step_input": {
                                                            "total": 4.5284044999993505,
                                                            "count": 15121,
                                                            "is_parallel": true,
                                                            "self": 4.5284044999993505
                                                        },
                                                        "communicator.exchange": {
                                                            "total": 303.7389553999984,
                                                            "count": 15121,