{
    "name": "root",
    "gauges": {
        "Hikaru.Policy.Entropy.mean": {
            "value": 4.730920791625977,
            "min": 0.7349235415458679,
            "max": 5.523461818695068,
            "count": 12
        },
        "Hikaru.IsTraining.mean": {
            "value": 1.0,
            "min": 1.0,
            "max": 1.0,
            "count": 12
        },
        "Hikaru.Policy.ExtrinsicValueEstimate.mean": {
            "value": 1485.7255859375,
            "min": 1485.7255859375,
            "max": 2989.28759765625,
            "count": 11
        },
        "Hikaru.Losses.PolicyLoss.mean": {
            "value": 0.1888697956353152,
            "min": 0.13381962251982518,
            "max": 0.1888697956353152,
            "count": 11
        },
        "Hikaru.Losses.ValueLoss.mean": {
            "value": 1006196.0272329636,
            "min": 171822.54812237396,
            "max": 2965884.8928571427,
            "count": 11
        },
        "Hikaru.Policy.LearningRate.mean": {
            "value": 0.00030000000000000003,
            "min": 0.00030000000000000003,
            "max": 0.0003000000000000001,
            "count": 11
        },
        "Hikaru.Policy.Epsilon.mean": {
            "value": 0.2999999999999998,
            "min": 0.29999999999999977,
            "max": 0.2999999999999998,
            "count": 11
        },
        "Hikaru.Policy.Beta.mean": {
            "value": 0.004999999999999999,
            "min": 0.004999999999999999,
            "max": 0.005,
            "count": 11
        },
        "Hikaru.Environment.EpisodeLength.mean": {
            "value": 618.5,
            "min": 618.5,
            "max": 2936.0,
            "count": 5
        },
        "Hikaru.Self-play.ELO.mean": {
            "value": 1198.5014411797595,
            "min": 1198.5014411797595,
            "max": 1200.0,
            "count": 5
        },
        "Hikaru.Environment.CumulativeReward.mean": {
            "value": -8558.000225067139,
            "min": -8558.000225067139,
            "max": 99448.50340652466,
            "count": 5
        },
        "Hikaru.Policy.ExtrinsicReward.mean": {
            "value": -8558.000225067139,
            "min": -8558.000225067139,
            "max": 99448.50340652466,
            "count": 5
        }
    },
    "metadata": {
        "timer_format_version": "0.1.0",
        "start_time_seconds": "1609386024",
        "python_version": "3.8.0 (default, Nov  6 2019, 16:00:02) [MSC v.1916 64 bit (AMD64)]",
        "command_line_arguments": "D:\\Conda\\envs\\unity_envIAJ\\Scripts\\mlagents-learn --resume UltimateChess.yaml --run-id=HikuruHasABrother",
        "mlagents_version": "0.23.0",
        "mlagents_envs_version": "0.23.0",
        "communication_protocol_version": "1.3.0",
        "pytorch_version": "1.6.0",
        "numpy_version": "1.18.5",
        "end_time_seconds": "1609386980"
    },
    "total": 956.0841353,
    "count": 1,
    "self": 0.01516089999995529,
    "children": {
        "run_training.setup": {
            "total": 0.03870750000000012,
            "count": 1,
            "self": 0.03870750000000012
        },
        "TrainerController.start_learning": {
            "total": 956.0302669,
            "count": 1,
            "self": 1.1606205000002774,
            "children": {
                "TrainerController._reset_env": {
                    "total": 7.046209000000019,
                    "count": 3,
                    "self": 7.046209000000019
                },
                "TrainerController.advance": {
                    "total": 947.6239901999998,
                    "count": 20699,
                    "self": 0.5763563999967118,
                    "children": {
                        "env_step": {
                            "total": 947.047633800003,
                            "count": 20699,
                            "self": 868.9929892000038,
                            "children": {
                                "SubprocessEnvManager._take_step": {
                                    "total": 77.39814779999912,
                                    "count": 20699,
                                    "self": 2.754170099996969,
                                    "children": {
                                        "TorchPolicy.evaluate": {
                                            "total": 74.64397770000215,
                                            "count": 20694,
                                            "self": 18.26312600001242,
                                            "children": {
                                                "TorchPolicy.sample_actions": {
                                                    "total": 56.380851699989734,
                                                    "count": 20694,
                                                    "self": 56.380851699989734
                                                }
                                            }
                                        }
                                    }
                                },
                                "workers": {
                                    "total": 0.6564968000001237,
                                    "count": 20698,
                                    "self": 0.0,
                                    "children": {
                                        "worker_root": {
                                            "total": 947.5716116000061,
                                            "count": 20698,
                                            "is_parallel": true,
                                            "self": 470.58083680000493,
                                            "children": {
                                                "steps_from_proto": {
                                                    "total": 0.0016027999999792542,
                                                    "count": 4,
                                                    "is_parallel": true,
                                                    "self": 0.000835599999928327,
                                                    "children": {
                                                        "_process_vector_observation": {
                                                            "total": 0.0007672000000509271,
                                                            "count": 8,
                                                            "is_parallel": true,
                                                            "self": 0.0007672000000509271
                                                        }
                                                    }
                                                },
                                                "UnityEnvironment.step": {
                                                    "total": 476.9891720000012,
                                                    "count": 20698,
                                                    "is_parallel": true,
                                                    "self": 4.572995300008756,
                                                    "children": {
                                                        "UnityEnvironment._generate_step_input": {
                                                            "total": 6.888997799997868,
                                                            "count": 20698,
                                                            "is_parallel": true,
                                                            "self": 6.888997799997868
                                                        },
                                                        "communicator.exchange": {
                                                            "total": 451.91920350000515,
                                                            "count": 20698,