{"count":1,"self":24838.6617344,"total":40876.689604399995,"children":{"AgentSendState":{"count":10216284,"self":57.751264,"total":118.6163594,"children":{"CollectObservations":{"count":612975,"self":7.9266856,"total":7.9266859,"children":null},"CollectDiscreteActionMasks":{"count":612975,"self":1.4018983999999999,"total":1.4018983999999999,"children":null},"AgentInfo.ToProto":{"count":612975,"self":6.0502196,"total":51.536510799999995,"children":{"GenerateSensorData":{"count":612975,"self":45.4862912,"total":45.486291099999995,"children":null}}}}},"DecideAction":{"count":10216284,"self":15885.2235264,"total":15885.2232501,"children":null},"AgentAct":{"count":10216284,"self":34.075872,"total":34.1157926,"children":{"AgentInfo.ToProto":{"count":500,"self":0.0010199,"total":0.0399215,"children":{"GenerateSensorData":{"count":500,"self":0.0389016,"total":0.0389016,"children":null}}}}},"AgentInfo.ToProto":{"count":1036,"self":0.0040041999999999994,"total":0.07038069999999999,"children":{"GenerateSensorData":{"count":1036,"self":0.066376499999999991,"total":0.066376499999999991,"children":null}}}},"gauges":{"Hikaru.CumulativeReward":{"count":1536,"max":-0.000809999765,"min":-1.05233061,"runningAverage":-0.517775,"value":-1.007,"weightedAverage":-0.561015666}},"metadata":{"timer_format_version":"0.1.0","start_time_seconds":"1611197801","unity_version":"2020.2.1f1","command_line_arguments":"C:\\Program Files\\Unity\\Hub\\Editor\\2020.2.1f1\\Editor\\Unity.exe -projectpath D:\/Github\/UltimateChess -useHub -hubIPC -cloudEnvironment production -hubSessionId 00e5de60-5b2e-11eb-8581-ad8cfe8ab1c9 -accessToken TBqT6sUqLJ6sNb85JqmSLUApUKjSTsI7ezMl_-Pyn7o006f","communication_protocol_version":"1.0.0","com.unity.ml-agents_version":"1.0.6","scene_name":"training1","end_time_seconds":"1611238678"}}