{
    "name": "root",
    "gauges": {
        "Hikaru.Policy.Entropy.mean": {
            "value": 6.485267639160156,
            "min": 6.485267639160156,
            "max": 6.485267639160156,
            "count": 1
        },
        "Hikaru.Policy.ExtrinsicValueEstimate.mean": {
            "value": 4.607425212860107,
            "min": 4.607425212860107,
            "max": 4.607425212860107,
            "count": 1
        },
        "Hikaru.Losses.PolicyLoss.mean": {
            "value": 0.20070091600553328,
            "min": 0.20070091600553328,
            "max": 0.20070091600553328,
            "count": 1
        },
        "Hikaru.Losses.ValueLoss.mean": {
            "value": 983028.2337184874,
            "min": 983028.2337184874,
            "max": 983028.2337184874,
            "count": 1
        },
        "Hikaru.Policy.LearningRate.mean": {
            "value": 0.0003000000000000001,
            "min": 0.0003000000000000001,
            "max": 0.0003000000000000001,
            "count": 1
        },
        "Hikaru.Policy.Epsilon.mean": {
            "value": 0.29999999999999977,
            "min": 0.29999999999999977,
            "max": 0.29999999999999977,
            "count": 1
        },
        "Hikaru.Policy.Beta.mean": {
            "value": 0.005,
            "min": 0.005,
            "max": 0.005,
            "count": 1
        },
        "Hikaru.Environment.EpisodeLength.mean": {
            "value": 552.0,
            "min": 552.0,
            "max": 552.0,
            "count": 1
        },
        "Hikaru.Self-play.ELO.mean": {
            "value": 1200.5,
            "min": 1200.5,
            "max": 1200.5,
            "count": 1
        },
        "Hikaru.Environment.CumulativeReward.mean": {
            "value": 46251.00061035156,
            "min": 46251.00061035156,
            "max": 46251.00061035156,
            "count": 1
        },
        "Hikaru.Policy.ExtrinsicReward.mean": {
            "value": 46251.00061035156,
            "min": 46251.00061035156,
            "max": 46251.00061035156,
            "count": 1
        },
        "Hikaru.IsTraining.mean": {
            "value": 1.0,
            "min": 1.0,
            "max": 1.0,
            "count": 1
        }
    },
    "metadata": {
        "timer_format_version": "0.1.0",
        "start_time_seconds": "1609310912",
        "python_version": "3.8.0 (default, Nov  6 2019, 16:00:02) [MSC v.1916 64 bit (AMD64)]",
        "command_line_arguments": "D:\\Conda\\envs\\unity_envIAJ\\Scripts\\mlagents-learn --force UltimateChess.yaml --run-id=Hikaru_0",
        "mlagents_version": "0.23.0",
        "mlagents_envs_version": "0.23.0",
        "communication_protocol_version": "1.3.0",
        "pytorch_version": "1.6.0",
        "numpy_version": "1.18.5",
        "end_time_seconds": "1609311046"
    },
    "total": 134.28296079999998,
    "count": 1,
    "self": 0.01125909999998953,
    "children": {
        "run_training.setup": {
            "total": 0.0255787999999999,
            "count": 1,
            "self": 0.0255787999999999
        },
        "TrainerController.start_learning": {
            "total": 134.2461229,
            "count": 1,
            "self": 0.15105289999996785,
            "children": {
                "TrainerController._reset_env": {
                    "total": 7.6578067,
                    "count": 1,
                    "self": 7.6578067
                },
                "TrainerController.advance": {
                    "total": 126.28303310000001,
                    "count": 3022,
                    "self": 0.06703899999993723,
                    "children": {
                        "env_step": {
                            "total": 126.21599410000007,
                            "count": 3022,
                            "self": 116.61880280000025,
                            "children": {
                                "SubprocessEnvManager._take_step": {
                                    "total": 9.514396500000029,
                                    "count": 3022,
                                    "self": 0.3484855000002316,
                                    "children": {
                                        "TorchPolicy.evaluate": {
                                            "total": 9.165910999999797,
                                            "count": 3018,
                                            "self": 2.2354122000001446,
                                            "children": {
                                                "TorchPolicy.sample_actions": {
                                                    "total": 6.930498799999652,
                                                    "count": 3018,
                                                    "self": 6.930498799999652
                                                }
                                            }
                                        }
                                    }
                                },
                                "workers": {
                                    "total": 0.08279479999979067,
                                    "count": 3021,
                                    "self": 0.0,
                                    "children": {
                                        "worker_root": {
                                            "total": 119.9909215999996,
                                            "count": 3021,
                                            "is_parallel": true,
                                            "self": 16.550617099999656,
                                            "children": {
                                                "steps_from_proto": {
                                                    "total": 0.0004906000000000077,
                                                    "count": 1,
                                                    "is_parallel": true,
                                                    "self": 0.0002371000000005452,
                                                    "children": {
                                                        "_process_vector_observation": {
                                                            "total": 0.0002534999999994625,
                                                            "count": 2,
                                                            "is_parallel": true,
                                                            "self": 0.0002534999999994625
                                                        }
                                                    }
                                                },
                                                "UnityEnvironment.step": {
                                                    "total": 103.43981389999993,
                                                    "count": 3021,
                                                    "is_parallel": true,
                                                    "self": 0.603037199999477,
                                                    "children": {
                                                        "UnityEnvironment._generate_step_input": {
                                                            "total": 0.9533941999999715,
                                                            "count": 3021,
                                                            "is_parallel": true,
                                                            "self": 0.9533941999999715
                                                        },
                                                        "communicator.exchange": {
                                                            "total": 100.06813490000005,
                                                            "count": 3021,
                                                            "is_parallel": true,