{
    "name": "root",
    "metadata": {
        "timer_format_version": "0.1.0",
        "start_time_seconds": "1609354831",
        "python_version": "3.8.0 (default, Nov  6 2019, 16:00:02) [MSC v.1916 64 bit (AMD64)]",
        "command_line_arguments": "D:\\Conda\\envs\\unity_envIAJ\\Scripts\\mlagents-learn --force UltimateChess.yaml --run-id=MultipleHikarus_0",
        "mlagents_version": "0.23.0",
        "mlagents_envs_version": "0.23.0",
        "communication_protocol_version": "1.3.0",
        "pytorch_version": "1.6.0",
        "numpy_version": "1.18.5",
        "end_time_seconds": "1609354864"
    },
    "total": 33.4415602,
    "count": 1,
    "self": 0.020084699999991074,
    "children": {
        "run_training.setup": {
            "total": 0.02562970000000009,
            "count": 1,
            "self": 0.02562970000000009
        },
        "TrainerController.start_learning": {
            "total": 33.395845800000004,
            "count": 1,
            "self": 0.03459129999993138,
            "children": {
                "TrainerController._reset_env": {
                    "total": 5.2546646,
                    "count": 1,
                    "self": 5.2546646
                },
                "TrainerController.advance": {
                    "total": 27.951311700000065,
                    "count": 787,
                    "self": 0.0148407000000077,
                    "children": {
                        "env_step": {
                            "total": 27.936471000000058,
                            "count": 787,
                            "self": 24.241182799999994,
                            "children": {
                                "SubprocessEnvManager._take_step": {
                                    "total": 3.6774658000000464,
                                    "count": 787,
                                    "self": 0.12958119999987794,
                                    "children": {
                                        "TorchPolicy.evaluate": {
                                            "total": 3.5478846000001685,
                                            "count": 1574,
                                            "self": 0.8176461000000952,
                                            "children": {
                                                "TorchPolicy.sample_actions": {
                                                    "total": 2.7302385000000733,
                                                    "count": 1574,
                                                    "self": 2.7302385000000733
                                                }
                                            }
                                        }
                                    }
                                },
                                "workers": {
                                    "total": 0.01782240000001778,
                                    "count": 786,
                                    "self": 0.0,
                                    "children": {
                                        "worker_root": {
                                            "total": 27.94705849999997,
                                            "count": 786,
                                            "is_parallel": true,
                                            "self": 5.415986999999916,
                                            "children": {
                                                "steps_from_proto": {
                                                    "total": 0.0007878000000003382,
                                                    "count": 2,
                                                    "is_parallel": true,
                                                    "self": 0.00039400000000000546,
                                                    "children": {
                                                        "_process_vector_observation": {
                                                            "total": 0.00039380000000033277,
                                                            "count": 4,
                                                            "is_parallel": true,
                                                            "self": 0.00039380000000033277
                                                        }
                                                    }
                                                },
                                                "UnityEnvironment.step": {
                                                    "total": 22.53028370000005,
                                                    "count": 786,
                                                    "is_parallel": true,
                                                    "self": 0.15022310000006556,
                                                    "children": {
                                                        "UnityEnvironment._generate_step_input": {
                                                            "total": 0.3272126999999765,
                                                            "count": 786,
                                                            "is_parallel": true,
                                                            "self": 0.3272126999999765
                                                        },
                                                        "communicator.exchange": {
                                                            "total": 21.358305200000036,
                                                            "count": 786,
                                                            "is_parallel": true,
                                                            "self": 21.358305200000036
                                                        },
                                                        "steps_from_proto": {
                                                            "total": 0.6945426999999746,
                                                            "count": 2352,
                                                            "is_parallel": true,
                                                            "self": 0.36713230000008323,
                                                            "children": {
                                                                "_process_vector_observation": {
                                                                    "total": 0.3274103999998914,
                                                                    "count": 4704,
                                                                    "is_parallel": true,
                                                                    "self": 0.3274103999998914
                                                                }
                                                            }
                                                        }
                                                    }
                                                }
                                            }
                                        }
                                    }
                                }
                            }
                        }
                    }
                },
                "trainer_threads": {
                    "total": 5.110000000030368e-05,
                    "count": 1,
                    "self": 5.110000000030368e-05,
                    "children": {
                        "thread_root": {
                            "total": 0.0,
                            "count": 0,
                            "is_parallel": true,
                            "self": 0.0,
                            "children": {
                                "trainer_advance": {
                                    "total": 27.811999400000225,