{"cameraMode":{"drawMode":0,"name":"Shaded","section":"Shading Mode"},"sceneLighting":true,"audioPlay":false,"sceneViewState":{"showFog":false,"showMaterialUpdate":false,"showSkybox":false,"showFlares":false,"showImageEffects":false,"showParticleSystems":false},"in2DMode":false,"pivot":{"x":3.983628511428833,"y":-1.1796875,"z":0.7066638469696045},"rotation":{"x":0.18715383112430573,"y":-0.03682783991098404,"z":0.007021559868007898,"w":0.9816156029701233},"size":4.031717777252197,"orthographic":true}