{"cameraMode":{"drawMode":0,"name":"Shaded","section":"Shading Mode"},"sceneLighting":true,"audioPlay":false,"sceneViewState":{"showFog":false,"showMaterialUpdate":false,"showSkybox":false,"showFlares":false,"showImageEffects":false,"showParticleSystems":false},"in2DMode":false,"pivot":{"x":4.51617431640625,"y":1.52490234375,"z":2.76953125},"rotation":{"x":0.316276878118515,"y":-0.022764919325709344,"z":0.007592692505568266,"w":0.9483622312545776},"size":4.056310653686523,"orthographic":true}