{
    "name": "root",
    "metadata": {
        "timer_format_version": "0.1.0",
        "start_time_seconds": "1609309138",
        "python_version": "3.8.0 (default, Nov  6 2019, 16:00:02) [MSC v.1916 64 bit (AMD64)]",
        "command_line_arguments": "D:\\Conda\\envs\\unity_envIAJ\\Scripts\\mlagents-learn --resume",
        "mlagents_version": "0.23.0",
        "mlagents_envs_version": "0.23.0",
        "communication_protocol_version": "1.3.0",
        "pytorch_version": "1.6.0",
        "numpy_version": "1.18.5",
        "end_time_seconds": "1609309153"
    },
    "total": 14.808863500000001,
    "count": 1,
    "self": 0.005630400000001146,
    "children": {
        "run_training.setup": {
            "total": 0.031147100000000094,
            "count": 1,
            "self": 0.031147100000000094
        },
        "TrainerController.start_learning": {
            "total": 14.772086,
            "count": 1,
            "self": 0.01642789999999472,
            "children": {
                "TrainerController._reset_env": {
                    "total": 4.528507,
                    "count": 1,
                    "self": 4.528507
                },
                "TrainerController.advance": {
                    "total": 10.077577300000005,
                    "count": 417,
                    "self": 0.006939200000028123,
                    "children": {
                        "env_step": {
                            "total": 10.070638099999977,
                            "count": 417,
                            "self": 9.4000854,
                            "children": {
                                "SubprocessEnvManager._take_step": {
                                    "total": 0.6620784999999971,
                                    "count": 417,
                                    "self": 0.029790099999989827,
                                    "children": {
                                        "TorchPolicy.evaluate": {
                                            "total": 0.6322884000000073,
                                            "count": 417,
                                            "self": 0.16710549999999547,
                                            "children": {
                                                "TorchPolicy.sample_actions": {
                                                    "total": 0.46518290000001183,
                                                    "count": 417,
                                                    "self": 0.46518290000001183
                                                }
                                            }
                                        }
                                    }
                                },
                                "workers": {
                                    "total": 0.008474199999979781,
                                    "count": 416,
                                    "self": 0.0,
                                    "children": {
                                        "worker_root": {
                                            "total": 10.08780280000001,
                                            "count": 416,
                                            "is_parallel": true,
                                            "self": 1.2355319000000122,
                                            "children": {
                                                "steps_from_proto": {
                                                    "total": 0.00046549999999978553,
                                                    "count": 1,
                                                    "is_parallel": true,
                                                    "self": 0.00021990000000027266,
                                                    "children": {
                                                        "_process_vector_observation": {
                                                            "total": 0.0002455999999995129,
                                                            "count": 2,
                                                            "is_parallel": true,
                                                            "self": 0.0002455999999995129
                                                        }
                                                    }
                                                },
                                                "UnityEnvironment.step": {
                                                    "total": 8.851805399999998,
                                                    "count": 416,
                                                    "is_parallel": true,
                                                    "self": 0.046919399999952205,
                                                    "children": {
                                                        "UnityEnvironment._generate_step_input": {
                                                            "total": 0.10289500000001084,
                                                            "count": 416,
                                                            "is_parallel": true,
                                                            "self": 0.10289500000001084
                                                        },
                                                        "communicator.exchange": {
                                                            "total": 8.515366100000007,
                                                            "count": 416,
                                                            "is_parallel": true,
                                                            "self": 8.515366100000007
                                                        },
                                                        "steps_from_proto": {
                                                            "total": 0.18662490000002752,
                                                            "count": 416,
                                                            "is_parallel": true,
                                                            "self": 0.09325860000001018,
                                                            "children": {
                                                                "_process_vector_observation": {
                                                                    "total": 0.09336630000001733,
                                                                    "count": 832,
                                                                    "is_parallel": true,
                                                                    "self": 0.09336630000001733
                                                                }
                                                            }
                                                        }
                                                    }
                                                }
                                            }
                                        }
                                    }
                                }
                            }
                        }
                    }
                },
                "trainer_threads": {
                    "total": 2.7499999998070734e-05,
                    "count": 1,
                    "self": 2.7499999998070734e-05,
                    "children": {
                        "thread_root": {
                            "total": 0.0,
                            "count": 0,
                            "is_parallel": true,
                            "self": 0.0,
                            "children": {
                                "trainer_advance": {
                                    "total": 9.9875537,
                                    "count": 5036,