{
    "name": "root",
    "metadata": {
        "timer_format_version": "0.1.0",
        "start_time_seconds": "1609299140",
        "python_version": "3.8.0 (default, Nov  6 2019, 16:00:02) [MSC v.1916 64 bit (AMD64)]",
        "command_line_arguments": "D:\\Conda\\envs\\unity_envIAJ\\Scripts\\mlagents-learn --force",
        "mlagents_version": "0.23.0",
        "mlagents_envs_version": "0.23.0",
        "communication_protocol_version": "1.3.0",
        "pytorch_version": "1.6.0",
        "numpy_version": "1.18.5",
        "end_time_seconds": "1609299274"
    },
    "total": 134.7896219,
    "count": 1,
    "self": 0.005753099999992628,
    "children": {
        "run_training.setup": {
            "total": 0.02392250000000007,
            "count": 1,
            "self": 0.02392250000000007
        },
        "TrainerController.start_learning": {
            "total": 134.7599463,
            "count": 1,
            "self": 0.21980220000034478,
            "children": {
                "TrainerController._reset_env": {
                    "total": 3.0974169,
                    "count": 1,
                    "self": 3.0974169
                },
                "TrainerController.advance": {
                    "total": 131.2845722999996,
                    "count": 6246,
                    "self": 0.10997329999926819,
                    "children": {
                        "env_step": {
                            "total": 131.17459900000034,
                            "count": 6246,
                            "self": 121.27876700000137,
                            "children": {
                                "SubprocessEnvManager._take_step": {
                                    "total": 9.765401199999674,
                                    "count": 6246,
                                    "self": 0.44430359999939917,
                                    "children": {
                                        "TorchPolicy.evaluate": {
                                            "total": 9.321097600000275,
                                            "count": 6242,
                                            "self": 2.483259900001027,
                                            "children": {
                                                "TorchPolicy.sample_actions": {
                                                    "total": 6.837837699999248,
                                                    "count": 6242,
                                                    "self": 6.837837699999248
                                                }
                                            }
                                        }
                                    }
                                },
                                "workers": {
                                    "total": 0.13043079999930107,
                                    "count": 6245,
                                    "self": 0.0,
                                    "children": {
                                        "worker_root": {
                                            "total": 131.11301270000044,
                                            "count": 6245,
                                            "is_parallel": true,
                                            "self": 17.860278200000764,
                                            "children": {
                                                "steps_from_proto": {
                                                    "total": 0.0004515000000000491,
                                                    "count": 1,
                                                    "is_parallel": true,
                                                    "self": 0.00021349999999964453,
                                                    "children": {
                                                        "_process_vector_observation": {
                                                            "total": 0.00023800000000040455,
                                                            "count": 2,
                                                            "is_parallel": true,
                                                            "self": 0.00023800000000040455
                                                        }
                                                    }
                                                },
                                                "UnityEnvironment.step": {
                                                    "total": 113.25228299999968,
                                                    "count": 6245,
                                                    "is_parallel": true,
                                                    "self": 0.6733087999983098,
                                                    "children": {
                                                        "UnityEnvironment._generate_step_input": {
                                                            "total": 1.5209958000010606,
                                                            "count": 6245,
                                                            "is_parallel": true,
                                                            "self": 1.5209958000010606
                                                        },
                                                        "communicator.exchange": {
                                                            "total": 108.44165030000059,
                                                            "count": 6245,
                                                            "is_parallel": true,
                                                            "self": 108.44165030000059
                                                        },
                                                        "steps_from_proto": {
                                                            "total": 2.616328099999713,
                                                            "count": 6245,
                                                            "is_parallel": true,
                                                            "self": 1.2849895000012035,
                                                            "children": {
                                                                "_process_vector_observation": {
                                                                    "total": 1.3313385999985097,
                                                                    "count": 12490,
                                                                    "is_parallel": true,
                                                                    "self": 1.3313385999985097
                                                                }
                                                            }
                                                        }
                                                    }
                                                }
                                            }
                                        }
                                    }
                                }
                            }
                        }
                    }
                },
                "trainer_threads": {
                    "total": 3.220000002102097e-05,
                    "count": 1,
                    "self": 3.220000002102097e-05,
                    "children": {
                        "thread_root": {
                            "total": 0.0,
                            "count": 0,
                            "is_parallel": true,
                            "self": 0.0,
                            "children": {
                                "trainer_advance": {
                                    "total": 130.12355910000008,
                                    "count": 65416,