{
    "name": "root",
    "gauges": {
        "ChessNoob.Policy.Entropy.mean": {
            "value": 5.125606060028076,
            "min": 5.125606060028076,
            "max": 6.239188194274902,
            "count": 4
        },
        "ChessNoob.Policy.ExtrinsicValueEstimate.mean": {
            "value": -0.992988646030426,
            "min": -0.992988646030426,
            "max": 0.06670164316892624,
            "count": 4
        },
        "ChessNoob.Environment.EpisodeLength.mean": {
            "value": 200.130081300813,
            "min": 200.130081300813,
            "max": 840.26,
            "count": 4
        },
        "ChessNoob.Environment.CumulativeReward.mean": {
            "value": 10.932120062524703,
            "min": 10.904319484161425,
            "max": 12.017171582858545,
            "count": 4
        },
        "ChessNoob.Policy.ExtrinsicReward.mean": {
            "value": 10.932120062524703,
            "min": 10.904319484161425,
            "max": 12.017171582858545,
            "count": 4
        },
        "ChessNoob.Losses.PolicyLoss.mean": {
            "value": 0.02942982724091659,
            "min": 0.02615882847458124,
            "max": 0.03194487022701651,
            "count": 4
        },
        "ChessNoob.Losses.ValueLoss.mean": {
            "value": 189.19223266601563,
            "min": 24.639600256085398,
            "max": 189.19223266601563,
            "count": 4
        },
        "ChessNoob.Policy.LearningRate.mean": {
            "value": 0.00013717613427464,
            "min": 0.00013717613427464,
            "max": 0.00022039172653610006,
            "count": 4
        },
        "ChessNoob.Policy.Epsilon.mean": {
            "value": 0.14572536000000003,
            "min": 0.14572536000000003,
            "max": 0.17346390000000003,
            "count": 4
        },
        "ChessNoob.Policy.Beta.mean": {
            "value": 0.0022916954640000006,
            "min": 0.0022916954640000006,
            "max": 0.00367584861,
            "count": 4
        },
        "ChessNoob.IsTraining.mean": {
            "value": 1.0,
            "min": 1.0,
            "max": 1.0,
            "count": 4
        }
    },
    "metadata": {
        "timer_format_version": "0.1.0",
        "start_time_seconds": "1609214047",
        "python_version": "3.8.0 (default, Nov  6 2019, 16:00:02) [MSC v.1916 64 bit (AMD64)]",
        "command_line_arguments": "D:\\Conda\\envs\\unity_envIAJ\\Scripts\\mlagents-learn --resume",
        "mlagents_version": "0.23.0",
        "mlagents_envs_version": "0.23.0",
        "communication_protocol_version": "1.3.0",
        "pytorch_version": "1.6.0",
        "numpy_version": "1.18.5",
        "end_time_seconds": "1609219576"
    },
    "total": 5529.098344999999,
    "count": 1,
    "self": 0.024861099998815916,
    "children": {
        "run_training.setup": {
            "total": 0.025381199999999993,
            "count": 1,
            "self": 0.025381199999999993
        },
        "TrainerController.start_learning": {
            "total": 5529.0481027000005,
            "count": 1,
            "self": 9.285606099952929,
            "children": {
                "TrainerController._reset_env": {
                    "total": 13.431444500000001,
                    "count": 1,
                    "self": 13.431444500000001
                },
                "TrainerController.advance": {
                    "total": 5504.608958700048,
                    "count": 203187,
                    "self": 4.703510900042602,
                    "children": {
                        "env_step": {
                            "total": 5499.905447800005,
                            "count": 203187,
                            "self": 5011.8834420998855,
                            "children": {
                                "SubprocessEnvManager._take_step": {
                                    "total": 482.46062670014936,
                                    "count": 203187,
                                    "self": 20.615484900117565,
                                    "children": {
                                        "TorchPolicy.evaluate": {
                                            "total": 461.8451418000318,
                                            "count": 202559,
                                            "self": 116.82472100008209,
                                            "children": {
                                                "TorchPolicy.sample_actions": {
                                                    "total": 345.0204207999497,
                                                    "count": 202559,
                                                    "self": 345.0204207999497
                                                }
                                            }
                                        }
                                    }
                                },
                                "workers": {
                                    "total": 5.561378999970412,
                                    "count": 203186,
                                    "self": 0.0,
                                    "children": {
                                        "worker_root": {
                                            "total": 5502.880021500055,
                                            "count": 203186,
                                            "is_parallel": true,
                                            "self": 838.3178360000402,
                                            "children": {
                                                "steps_from_proto": {
                                                    "total": 0.038598099999999747,
                                                    "count": 1,
                                                    "is_parallel": true,
                                                    "self": 0.008022799999999108,
                                                    "children": {
                                                        "_process_vector_observation": {
                                                            "total": 0.030575300000000638,
                                                            "count": 2,
                                                            "is_parallel": true,
                                                            "self": 0.030575300000000638
                                                        }
                                                    }
                                                },
                                                "UnityEnvironment.step": {
                                                    "total": 4664.523587400015,
                                                    "count": 203186,
                                                    "is_parallel": true,
                                                    "self": 28.943710300010935,
                                                    "children": {
                                                        "UnityEnvironment._generate_step_input": {
                                                            "total": 62.512658699977706,
                                                            "count": 203186,
                                                            "is_parallel": true,
                                                            "self": 62.512658699977706
                                                        },
                                                        "communicator.exchange": {
                                                            "total": 4465.959514799983,
                                                            "count": 203186,
                                                            "is_parallel": true,