{
    "name": "root",
    "metadata": {
        "timer_format_version": "0.1.0",
        "start_time_seconds": "1609046708",
        "python_version": "3.8.0 (default, Nov  6 2019, 16:00:02) [MSC v.1916 64 bit (AMD64)]",
        "command_line_arguments": "D:\\Conda\\envs\\unity_envIAJ\\Scripts\\mlagents-learn --force",
        "mlagents_version": "0.23.0",
        "mlagents_envs_version": "0.23.0",
        "communication_protocol_version": "1.3.0",
        "pytorch_version": "1.6.0",
        "numpy_version": "1.18.5",
        "end_time_seconds": "1609046732"
    },
    "total": 23.683851100000002,
    "count": 1,
    "self": 0.023283800000005073,
    "children": {
        "run_training.setup": {
            "total": 0.026265900000000286,
            "count": 1,
            "self": 0.026265900000000286
        },
        "TrainerController.start_learning": {
            "total": 23.6343014,
            "count": 1,
            "self": 0.016509200000022872,
            "children": {
                "TrainerController._reset_env": {
                    "total": 6.706539399999999,
                    "count": 1,
                    "self": 6.706539399999999
                },
                "TrainerController.advance": {
                    "total": 14.171700999999974,
                    "count": 404,
                    "self": 0.00710979999992567,
                    "children": {
                        "env_step": {
                            "total": 14.164591200000048,
                            "count": 404,
                            "self": 9.734058400000093,
                            "children": {
                                "SubprocessEnvManager._take_step": {
                                    "total": 4.422161100000007,
                                    "count": 404,
                                    "self": 0.03727990000002279,
                                    "children": {
                                        "TorchPolicy.evaluate": {
                                            "total": 4.384881199999985,
                                            "count": 400,
                                            "self": 0.2435355000000179,
                                            "children": {
                                                "TorchPolicy.sample_actions": {
                                                    "total": 4.141345699999967,
                                                    "count": 400,
                                                    "self": 4.141345699999967
                                                }
                                            }
                                        }
                                    }
                                },
                                "workers": {
                                    "total": 0.008371699999948135,
                                    "count": 403,
                                    "self": 0.0,
                                    "children": {
                                        "worker_root": {
                                            "total": 14.682182100000007,
                                            "count": 403,
                                            "is_parallel": true,
                                            "self": 5.78106049999999,
                                            "children": {
                                                "steps_from_proto": {
                                                    "total": 0.038604999999999556,
                                                    "count": 1,
                                                    "is_parallel": true,
                                                    "self": 0.003800099999999418,
                                                    "children": {
                                                        "_process_vector_observation": {
                                                            "total": 0.03480490000000014,
                                                            "count": 2,
                                                            "is_parallel": true,
                                                            "self": 0.03480490000000014
                                                        }
                                                    }
                                                },
                                                "UnityEnvironment.step": {
                                                    "total": 8.862516600000017,
                                                    "count": 403,
                                                    "is_parallel": true,
                                                    "self": 0.045798500000014286,
                                                    "children": {
                                                        "UnityEnvironment._generate_step_input": {
                                                            "total": 0.13559530000002518,
                                                            "count": 403,
                                                            "is_parallel": true,
                                                            "self": 0.13559530000002518
                                                        },
                                                        "communicator.exchange": {
                                                            "total": 8.48463539999998,
                                                            "count": 403,
                                                            "is_parallel": true,
                                                            "self": 8.48463539999998
                                                        },
                                                        "steps_from_proto": {
                                                            "total": 0.1964873999999961,
                                                            "count": 403,
                                                            "is_parallel": true,
                                                            "self": 0.11518319999999616,
                                                            "children": {
                                                                "_process_vector_observation": {
                                                                    "total": 0.08130419999999994,
                                                                    "count": 806,
                                                                    "is_parallel": true,
                                                                    "self": 0.08130419999999994
                                                                }
                                                            }
                                                        }
                                                    }
                                                }
                                            }
                                        }
                                    }
                                }
                            }
                        }
                    }
                },
                "trainer_threads": {
                    "total": 2.5800000003073364e-05,
                    "count": 1,
                    "self": 2.5800000003073364e-05,
                    "children": {
                        "thread_root": {
                            "total": 0.0,
                            "count": 0,
                            "is_parallel": true,
                            "self": 0.0,
                            "children": {
                                "trainer_advance": {
                                    "total": 14.051584399999951,
                                    "count": 6805,