{
    "name": "root",
    "metadata": {
        "timer_format_version": "0.1.0",
        "start_time_seconds": "1609044744",
        "python_version": "3.8.0 (default, Nov  6 2019, 16:00:02) [MSC v.1916 64 bit (AMD64)]",
        "command_line_arguments": "D:\\Conda\\envs\\unity_envIAJ\\Scripts\\mlagents-learn --force",
        "mlagents_version": "0.23.0",
        "mlagents_envs_version": "0.23.0",
        "communication_protocol_version": "1.3.0",
        "pytorch_version": "1.6.0",
        "numpy_version": "1.18.5",
        "end_time_seconds": "1609044767"
    },
    "total": 23.1371015,
    "count": 1,
    "self": 0.00828589999999707,
    "children": {
        "run_training.setup": {
            "total": 0.05442120000000017,
            "count": 1,
            "self": 0.05442120000000017
        },
        "TrainerController.start_learning": {
            "total": 23.074394400000003,
            "count": 1,
            "self": 0.013972399999982343,
            "children": {
                "TrainerController._reset_env": {
                    "total": 9.2967022,
                    "count": 1,
                    "self": 9.2967022
                },
                "TrainerController.advance": {
                    "total": 12.601964700000023,
                    "count": 295,
                    "self": 0.005398800000005366,
                    "children": {
                        "env_step": {
                            "total": 12.596565900000018,
                            "count": 295,
                            "self": 9.689042600000041,
                            "children": {
                                "SubprocessEnvManager._take_step": {
                                    "total": 2.9013603999999784,
                                    "count": 295,
                                    "self": 0.028039299999994327,
                                    "children": {
                                        "TorchPolicy.evaluate": {
                                            "total": 2.873321099999984,
                                            "count": 294,
                                            "self": 0.17923949999998356,
                                            "children": {
                                                "TorchPolicy.sample_actions": {
                                                    "total": 2.6940816000000005,
                                                    "count": 294,
                                                    "self": 2.6940816000000005
                                                }
                                            }
                                        }
                                    }
                                },
                                "workers": {
                                    "total": 0.006162899999997862,
                                    "count": 294,
                                    "self": 0.0,
                                    "children": {
                                        "worker_root": {
                                            "total": 12.030099499999986,
                                            "count": 294,
                                            "is_parallel": true,
                                            "self": 3.394727299999987,
                                            "children": {
                                                "steps_from_proto": {
                                                    "total": 0.0005095000000014949,
                                                    "count": 1,
                                                    "is_parallel": true,
                                                    "self": 0.00027610000000244384,
                                                    "children": {
                                                        "_process_vector_observation": {
                                                            "total": 0.00023339999999905103,
                                                            "count": 2,
                                                            "is_parallel": true,
                                                            "self": 0.00023339999999905103
                                                        }
                                                    }
                                                },
                                                "UnityEnvironment.step": {
                                                    "total": 8.634862699999998,
                                                    "count": 294,
                                                    "is_parallel": true,
                                                    "self": 0.03689570000001652,
                                                    "children": {
                                                        "UnityEnvironment._generate_step_input": {
                                                            "total": 0.10069149999998928,
                                                            "count": 294,
                                                            "is_parallel": true,
                                                            "self": 0.10069149999998928
                                                        },
                                                        "communicator.exchange": {
                                                            "total": 8.346334599999999,
                                                            "count": 294,
                                                            "is_parallel": true,
                                                            "self": 8.346334599999999
                                                        },
                                                        "steps_from_proto": {
                                                            "total": 0.15094089999999305,
                                                            "count": 294,
                                                            "is_parallel": true,
                                                            "self": 0.08795780000001763,
                                                            "children": {
                                                                "_process_vector_observation": {
                                                                    "total": 0.06298309999997542,
                                                                    "count": 588,
                                                                    "is_parallel": true,
                                                                    "self": 0.06298309999997542
                                                                }
                                                            }
                                                        }
                                                    }
                                                }
                                            }
                                        }
                                    }
                                }
                            }
                        }
                    }
                },
                "trainer_threads": {
                    "total": 2.8199999999145575e-05,
                    "count": 1,
                    "self": 2.8199999999145575e-05,
                    "children": {
                        "thread_root": {
                            "total": 0.0,
                            "count": 0,
                            "is_parallel": true,
                            "self": 0.0,
                            "children": {
                                "trainer_advance": {
                                    "total": 12.477101300000092,
                                    "count": 6222,