{
    "name": "root",
    "metadata": {
        "timer_format_version": "0.1.0",
        "start_time_seconds": "1609182251",
        "python_version": "3.8.0 (default, Nov  6 2019, 16:00:02) [MSC v.1916 64 bit (AMD64)]",
        "command_line_arguments": "D:\\Conda\\envs\\unity_envIAJ\\Scripts\\mlagents-learn --force",
        "mlagents_version": "0.23.0",
        "mlagents_envs_version": "0.23.0",
        "communication_protocol_version": "1.3.0",
        "pytorch_version": "1.6.0",
        "numpy_version": "1.18.5",
        "end_time_seconds": "1609182297"
    },
    "total": 45.3317881,
    "count": 1,
    "self": 0.0053224999999983424,
    "children": {
        "run_training.setup": {
            "total": 0.02344550000000023,
            "count": 1,
            "self": 0.02344550000000023
        },
        "TrainerController.start_learning": {
            "total": 45.3030201,
            "count": 1,
            "self": 0.029982399999994414,
            "children": {
                "TrainerController._reset_env": {
                    "total": 7.156454500000001,
                    "count": 1,
                    "self": 7.156454500000001
                },
                "TrainerController.advance": {
                    "total": 36.7576632,
                    "count": 819,
                    "self": 0.013402400000032344,
                    "children": {
                        "env_step": {
                            "total": 36.74426079999997,
                            "count": 819,
                            "self": 27.74952649999985,
                            "children": {
                                "SubprocessEnvManager._take_step": {
                                    "total": 8.978473800000073,
                                    "count": 819,
                                    "self": 0.06805210000003115,
                                    "children": {
                                        "TorchPolicy.evaluate": {
                                            "total": 8.910421700000041,
                                            "count": 816,
                                            "self": 0.4655436000000108,
                                            "children": {
                                                "TorchPolicy.sample_actions": {
                                                    "total": 8.44487810000003,
                                                    "count": 816,
                                                    "self": 8.44487810000003
                                                }
                                            }
                                        }
                                    }
                                },
                                "workers": {
                                    "total": 0.016260500000049305,
                                    "count": 818,
                                    "self": 0.0,
                                    "children": {
                                        "worker_root": {
                                            "total": 36.73386960000004,
                                            "count": 818,
                                            "is_parallel": true,
                                            "self": 10.193281700000014,
                                            "children": {
                                                "steps_from_proto": {
                                                    "total": 0.0009336999999991491,
                                                    "count": 1,
                                                    "is_parallel": true,
                                                    "self": 0.0003588999999992737,
                                                    "children": {
                                                        "_process_vector_observation": {
                                                            "total": 0.0005747999999998754,
                                                            "count": 2,
                                                            "is_parallel": true,
                                                            "self": 0.0005747999999998754
                                                        }
                                                    }
                                                },
                                                "UnityEnvironment.step": {
                                                    "total": 26.539654200000026,
                                                    "count": 818,
                                                    "is_parallel": true,
                                                    "self": 0.09038120000010252,
                                                    "children": {
                                                        "UnityEnvironment._generate_step_input": {
                                                            "total": 0.270358799999908,
                                                            "count": 818,
                                                            "is_parallel": true,
                                                            "self": 0.270358799999908
                                                        },
                                                        "communicator.exchange": {
                                                            "total": 25.496099000000058,
                                                            "count": 818,
                                                            "is_parallel": true,
                                                            "self": 25.496099000000058
                                                        },
                                                        "steps_from_proto": {
                                                            "total": 0.6828151999999577,
                                                            "count": 818,
                                                            "is_parallel": true,
                                                            "self": 0.24309139999998308,
                                                            "children": {
                                                                "_process_vector_observation": {
                                                                    "total": 0.4397237999999746,
                                                                    "count": 1636,
                                                                    "is_parallel": true,
                                                                    "self": 0.4397237999999746
                                                                }
                                                            }
                                                        }
                                                    }
                                                }
                                            }
                                        }
                                    }
                                }
                            }
                        }
                    }
                },
                "trainer_threads": {
                    "total": 2.400000000335467e-05,
                    "count": 1,
                    "self": 2.400000000335467e-05,
                    "children": {
                        "thread_root": {
                            "total": 0.0,
                            "count": 0,
                            "is_parallel": true,
                            "self": 0.0,
                            "children": {
                                "trainer_advance": {
                                    "total": 36.44633749999975,
                                    "count": 18361,