{
    "name": "root",
    "gauges": {
        "ChessNoob.Policy.Entropy.mean": {
            "value": 6.479574680328369,
            "min": 6.479574680328369,
            "max": 6.479574680328369,
            "count": 1
        },
        "ChessNoob.Policy.ExtrinsicValueEstimate.mean": {
            "value": 0.862869381904602,
            "min": 0.862869381904602,
            "max": 0.862869381904602,
            "count": 1
        },
        "ChessNoob.Environment.EpisodeLength.mean": {
            "value": 1748.6666666666667,
            "min": 1748.6666666666667,
            "max": 1748.6666666666667,
            "count": 1
        },
        "ChessNoob.Environment.CumulativeReward.mean": {
            "value": 22297.446659564972,
            "min": 22297.446659564972,
            "max": 22297.446659564972,
            "count": 1
        },
        "ChessNoob.Policy.ExtrinsicReward.mean": {
            "value": 22297.446659564972,
            "min": 22297.446659564972,
            "max": 22297.446659564972,
            "count": 1
        },
        "ChessNoob.Losses.PolicyLoss.mean": {
            "value": 0.037868342776588786,
            "min": 0.037868342776588786,
            "max": 0.037868342776588786,
            "count": 1
        },
        "ChessNoob.Losses.ValueLoss.mean": {
            "value": 2630342.6223958335,
            "min": 2630342.6223958335,
            "max": 2630342.6223958335,
            "count": 1
        },
        "ChessNoob.Policy.LearningRate.mean": {
            "value": 0.0002846176551274499,
            "min": 0.0002846176551274499,
            "max": 0.0002846176551274499,
            "count": 1
        },
        "ChessNoob.Policy.Epsilon.mean": {
            "value": 0.19487255000000003,
            "min": 0.19487255000000003,
            "max": 0.19487255000000003,
            "count": 1
        },
        "ChessNoob.Policy.Beta.mean": {
            "value": 0.004744140244999999,
            "min": 0.004744140244999999,
            "max": 0.004744140244999999,
            "count": 1
        },
        "ChessNoob.IsTraining.mean": {
            "value": 1.0,
            "min": 1.0,
            "max": 1.0,
            "count": 1
        }
    },
    "metadata": {
        "timer_format_version": "0.1.0",
        "start_time_seconds": "1609299398",
        "python_version": "3.8.0 (default, Nov  6 2019, 16:00:02) [MSC v.1916 64 bit (AMD64)]",
        "command_line_arguments": "D:\\Conda\\envs\\unity_envIAJ\\Scripts\\mlagents-learn --force",
        "mlagents_version": "0.23.0",
        "mlagents_envs_version": "0.23.0",
        "communication_protocol_version": "1.3.0",
        "pytorch_version": "1.6.0",
        "numpy_version": "1.18.5",
        "end_time_seconds": "1609301453"
    },
    "total": 2054.6086046,
    "count": 1,
    "self": 0.005609199999980774,
    "children": {
        "run_training.setup": {
            "total": 0.02419210000000005,
            "count": 1,
            "self": 0.02419210000000005
        },
        "TrainerController.start_learning": {
            "total": 2054.5788033,
            "count": 1,
            "self": 3.4301995000182615,
            "children": {
                "TrainerController._reset_env": {
                    "total": 3.9305239,
                    "count": 1,
                    "self": 3.9305239
                },
                "TrainerController.advance": {
                    "total": 2047.0639652999814,
                    "count": 90116,
                    "self": 1.7486757000249327,
                    "children": {
                        "env_step": {
                            "total": 2045.3152895999565,
                            "count": 90116,
                            "self": 1870.55718569992,
                            "children": {
                                "SubprocessEnvManager._take_step": {
                                    "total": 172.5883675000338,
                                    "count": 90116,
                                    "self": 7.021601200025515,
                                    "children": {
                                        "TorchPolicy.evaluate": {
                                            "total": 165.56676630000828,
                                            "count": 90068,
                                            "self": 42.271498300005845,
                                            "children": {
                                                "TorchPolicy.sample_actions": {
                                                    "total": 123.29526800000244,
                                                    "count": 90068,
                                                    "self": 123.29526800000244
                                                }
                                            }
                                        }
                                    }
                                },
                                "workers": {
                                    "total": 2.1697364000027815,
                                    "count": 90115,
                                    "self": 0.0,
                                    "children": {
                                        "worker_root": {
                                            "total": 2046.3525940000243,
                                            "count": 90115,
                                            "is_parallel": true,
                                            "self": 303.1522825000186,
                                            "children": {
                                                "steps_from_proto": {
                                                    "total": 0.0004743999999998749,
                                                    "count": 1,
                                                    "is_parallel": true,
                                                    "self": 0.0002389000000002639,
                                                    "children": {
                                                        "_process_vector_observation": {
                                                            "total": 0.00023549999999961102,
                                                            "count": 2,
                                                            "is_parallel": true,
                                                            "self": 0.00023549999999961102
                                                        }
                                                    }
                                                },
                                                "UnityEnvironment.step": {
                                                    "total": 1743.1998371000057,
                                                    "count": 90115,
                                                    "is_parallel": true,
                                                    "self": 10.26321439999424,
                                                    "children": {
                                                        "UnityEnvironment._generate_step_input": {
                                                            "total": 23.858967400003174,
                                                            "count": 90115,
                                                            "is_parallel": true,
                                                            "self": 23.858967400003174
                                                        },
                                                        "communicator.exchange": {
                                                            "total": 1668.1010751000051,
                                                            "count": 90115,
                                                            "is_parallel": true,